blue_edges,count,n,pdf,png,red_edges,stem,svg
5,,5,C:\github\mcdo-ramsey-benchmarks\figures\R33_K5_counterexample.pdf,C:\github\mcdo-ramsey-benchmarks\figures\R33_K5_counterexample.png,5,R33_K5_counterexample,C:\github\mcdo-ramsey-benchmarks\figures\R33_K5_counterexample.svg
17,,8,C:\github\mcdo-ramsey-benchmarks\figures\R34_K8_counterexample.pdf,C:\github\mcdo-ramsey-benchmarks\figures\R34_K8_counterexample.png,11,R34_K8_counterexample,C:\github\mcdo-ramsey-benchmarks\figures\R34_K8_counterexample.svg
52,,13,C:\github\mcdo-ramsey-benchmarks\figures\R35_K13_unique_counterexample.pdf,C:\github\mcdo-ramsey-benchmarks\figures\R35_K13_unique_counterexample.png,26,R35_K13_unique_counterexample,C:\github\mcdo-ramsey-benchmarks\figures\R35_K13_unique_counterexample.svg
,7,,C:\github\mcdo-ramsey-benchmarks\figures\R36_K17_all_7_graphs.pdf,C:\github\mcdo-ramsey-benchmarks\figures\R36_K17_all_7_graphs.png,,R36_K17_all_7_graphs,C:\github\mcdo-ramsey-benchmarks\figures\R36_K17_all_7_graphs.svg
95,,17,C:\github\mcdo-ramsey-benchmarks\figures\R36_K17_graph_1.pdf,C:\github\mcdo-ramsey-benchmarks\figures\R36_K17_graph_1.png,41,R36_K17_graph_1,C:\github\mcdo-ramsey-benchmarks\figures\R36_K17_graph_1.svg
68,,17,C:\github\mcdo-ramsey-benchmarks\figures\R44_K17_unique_counterexample.pdf,C:\github\mcdo-ramsey-benchmarks\figures\R44_K17_unique_counterexample.png,68,R44_K17_unique_counterexample,C:\github\mcdo-ramsey-benchmarks\figures\R44_K17_unique_counterexample.svg
455,,35,C:\github\mcdo-ramsey-benchmarks\figures\R39_K35_unique_graph.pdf,C:\github\mcdo-ramsey-benchmarks\figures\R39_K35_unique_graph.png,140,R39_K35_unique_graph,C:\github\mcdo-ramsey-benchmarks\figures\R39_K35_unique_graph.svg
436,,42,C:\github\mcdo-ramsey-benchmarks\figures\R55_K42_reference_source_1.pdf,C:\github\mcdo-ramsey-benchmarks\figures\R55_K42_reference_source_1.png,425,R55_K42_reference_source_1,C:\github\mcdo-ramsey-benchmarks\figures\R55_K42_reference_source_1.svg
425,,42,C:\github\mcdo-ramsey-benchmarks\figures\R55_K42_reference_complement_1.pdf,C:\github\mcdo-ramsey-benchmarks\figures\R55_K42_reference_complement_1.png,436,R55_K42_reference_complement_1,C:\github\mcdo-ramsey-benchmarks\figures\R55_K42_reference_complement_1.svg
